INDEX NO.,f1_eng,f2_eng,f3_eng,f1_math,f2_math,f3_math,f1_sci,f2_sci,f3_sci
2040900119,45,41,44,51,47,41,40,45,69
2040900219,56,57,60,52,44,51,43,54,55
2040900319,41,45,54,42,54,44,48,52,42
2040900419,43,40,41,43,51,43,39,45,44
2040900519,55,54,45,66,55,52,62,60,45
2040900619,44,34,43,28,34,27,29,38,18
2040900719,49,38,44,38,45,32,12,38,21
2040900819,50,34,32,23,26,30,21,36,29
2040900919,50,45,30,50,40,20,40,41,22
2040901019,45,45,30,55,45,23,44,41,21
2040901119,54,55,45,66,60,40,60,55,50
2040901219,45,30,10,50,51,30,45,46,11
2040901319,66,65,56,55,45,50,65,55,54
2040901419,67,68,65,70,67,65,55,54,60
2040901519,45,43,26,44,30,55,52,40,22
2040901619,80,81,70,45,40,18,66,61,20
2040901719,67,62,67,70,66,76,80,66,70
2040901819,68,69,66,70,68,67,55,64,45
2040901919,70,78,67,67,63,55,56,60,45
2040902019,70,65,50,76,66,60,55,57,40
2040902119,66,67,60,55,55,40,54,64,33
2040902219,55,54,44,44,43,34,55,45,33
2040902319,66,56,44,45,40,45,66,67,50
2040902419,45,46,40,66,70,50,55,65,55
2040902519,56,44,23,66,56,33,66,50,45
2040902619,67,55,45,70,67,55,55,56,44
2040902719,70,56,65,45,66,61,65,55,40
2040902819,30,23,12,45,34,11,45,23,12
2040902919,67,67,55,66,67,55,67,66,50
2040903019,78,70,77,83,76,65,67,77,69
2040903119,66,67,56,66,67,52,67,68,55
2040903219,67,77,60,50,55,67,50,55,23
2040903319,88,70,66,67,55,45,45,43,12
2040903419,23,12,10,31,9,8,32,12,10
2040903519,45,40,23,67,65,54,56,66,60
2040903619,78,67,70,65,50,66,55,56,40
2040903719,77,60,56,70,67,60,75,71,60
2040903819,66,65,60,56,78,66,67,45,61
2040903919,65,60,55,76,70,71,88,67,66
2040904019,23,12,9,56,23,12,34,32,11
2040904119,79,67,67,55,65,40,45,51,42
2040904219,88,76,66,49,42,30,23,30,12
2040904319,67,56,50,55,56,50,63,54,55
2040904419,45,32,12,18,23,11,10,21,9
2040904519,77,67,56,56,45,23,45,53,34
2040904619,56,54,56,67,56,46,66,52,34
2040904719,67,56,45,66,45,46,40,47,31
2040904819,56,45,50,56,55,40,34,20,24
2040904919,65,54,54,67,56,34,56,54,55
2040905019,56,65,40,67,66,56,69,67,53
2040905119,66,70,65,45,46,30,34,45,30
2040905219,55,67,45,68,67,56,45,34,23
2040905319,67,67,60,34,54,32,56,67,65
2040905419,66,67,70,55,54,66,67,73,70
2040905519,56,54,23,66,52,55,44,54,40
2040905619,70,67,65,80,85,70,79,71,60
2040905719,55,45,40,66,53,44,55,60,44
2040905819,67,70,71,56,70,60,67,66,66
2040905919,70,78,77,55,65,60,66,65,54
2040906019,32,12,10,11,34,12,34,20,22
2040906119,45,46,50,67,56,55,67,56,60
2040906219,70,67,77,67,70,66,71,67,66
2040906319,55,54,40,60,55,62,66,65,64
2040906419,67,68,55,68,70,60,87,67,68
2040906519,88,87,60,66,70,63,88,76,67
2040906619,30,20,17,40,44,31,21,14,9
2040906719,66,65,40,55,67,33,55,40,34
2040906819,82,81,80,78,71,65,67,88,87
2040906919,56,46,47,66,56,65,40,55,62
2040907019,44,54,39,78,76,69,40,30,21
2040907119,68,56,58,18,20,13,66,65,60
2040907219,68,66,56,44,45,43,54,51,51
2040907319,78,75,67,54,65,40,53,41,30
2040907419,34,28,16,32,22,10,18,21,8
2040907519,55,65,54,12,9,10,36,37,21
2040907619,60,61,44,30,33,32,45,37,30
2040907719,,,,,,,,,
2040907819,70,71,75,67,55,45,61,60,54
2040907919,53,55,60,45,40,38,54,56,31
2040908019,56,43,38,55,60,43,58,61,60
2040908119,67,70,61,54,67,55,34,33,41
2040908219,80,73,74,88,80,76,66,69,70
2040908319,45,47,32,51,56,30,54,45,55
2040908419,55,53,57,34,37,27,45,44,18
2040908519,30,33,29,13,15,12,22,11,9
2040908619,30,44,31,34,22,10,17,18,22
2040908719,56,43,27,45,56,30,56,44,37
2040908819,70,67,60,72,70,66,56,59,55
2040908919,67,69,55,71,65,55,55,61,43
2040909019,73,70,60,66,70,66,44,53,60
2040909119,61,55,60,45,55,40,51,34,21
2040909219,45,40,41,43,39,32,54,56,57
2040909319,12,10,11,34,38,31,29,27,13
2040909419,67,69,66,45,51,60,45,55,44
2040909519,45,43,30,56,49,30,50,48,44
2040909619,56,45,41,77,76,74,67,55,56
2040909719,67,66,55,48,47,49,51,41,30
2040909819,32,28,19,29,23,11,34,23,12
2040909919,65,67,70,70,77,67,78,68,70
2040910019,80,79,70,67,60,60,56,50,55
2040910119,72,66,55,55,54,45,67,68,55
2040910219,61,60,54,60,66,53,60,67,50
2040910319,65,62,50,70,72,62,66,62,60
2040910419,63,55,45,81,71,66,60,54,45
2040910519,62,60,45,55,54,45,66,55,52
2040910619,78,70,72,80,82,60,70,66,55
2040910719,81,78,66,73,60,52,81,72,66
2040910819,66,65,60,74,66,60,77,63,50
2040910919,40,41,22,50,45,30,50,40,20
2040911019,44,41,21,45,45,30,55,45,23
2040911119,60,55,50,54,55,45,66,60,40
2040911219,45,46,11,45,30,10,50,51,30
2040911319,65,55,54,66,65,56,55,45,50
2040911419,55,54,60,67,68,65,70,67,65
2040911519,52,40,22,45,43,26,44,30,55
2040911619,66,61,20,80,81,70,45,40,18
2040911719,80,66,70,67,62,67,70,66,76
2040911819,55,64,45,68,69,66,70,68,67
2040911919,56,60,45,70,78,67,67,63,55
2040912019,55,57,40,70,65,50,76,66,60
2040912119,54,64,33,66,67,60,55,55,40
2040912219,55,45,33,55,54,44,44,43,34
2040912319,66,67,50,66,56,44,45,40,45
2040912419,55,65,55,45,46,40,66,70,50
2040912519,66,50,45,56,44,23,66,56,33
2040912619,55,56,44,67,55,45,70,67,55
2040912719,65,55,40,70,56,65,45,66,61
2040912819,45,23,12,30,23,12,45,34,11
2040912919,67,66,50,67,67,55,66,67,55
2040913019,67,77,69,78,70,77,83,76,65
2040913119,67,68,55,66,67,56,66,67,52
2040913219,50,55,23,67,77,60,50,55,67
2040913319,45,43,12,88,70,66,67,55,45
2040913419,32,12,10,23,12,10,31,9,8
2040913519,56,66,60,45,40,23,67,65,54
2040913619,55,57,60,68,70,66,57,67,66
2040913719,44,45,40,41,48,41,40,42,39
2040913819,55,56,40,78,67,70,65,50,66
2040913919,75,71,60,77,60,56,70,67,60
2040914019,67,45,61,66,65,60,56,78,66
2040914119,88,67,66,65,60,55,76,70,71
2040914219,34,32,11,23,12,9,56,23,12
2040914319,45,51,42,79,67,67,55,65,40
2040914419,23,30,12,88,76,66,49,42,30
2040914519,63,54,55,67,56,50,55,56,50
2040914619,10,21,9,45,32,12,18,23,11
2040914719,45,53,34,77,67,56,56,45,23
2040914819,66,52,34,56,54,56,67,56,46
2040914919,40,47,31,67,56,45,66,45,46
2040915019,34,20,24,56,45,50,56,55,40
2040915119,56,54,55,65,54,54,67,56,34
2040915219,69,67,53,56,65,40,67,66,56
2040915319,34,45,30,66,70,65,45,46,30
2040915419,45,34,23,55,67,45,68,67,56
2040915519,56,67,65,67,67,60,34,54,32
2040915619,67,73,70,66,67,70,55,54,66
2040915719,44,54,40,56,54,23,66,52,55
2040915819,79,71,60,70,67,65,80,85,70
2040915919,55,60,44,55,45,40,66,53,44
2040916019,67,66,66,67,70,71,56,70,60
2040916119,66,65,54,70,78,77,55,65,60
2040916219,34,20,22,32,12,10,11,34,12
2040916319,67,56,60,45,46,50,67,56,55
2040916419,71,67,66,70,67,77,67,70,66
2040916519,66,65,64,55,54,40,60,55,62
2040916619,87,67,68,67,68,55,68,70,60
2040916719,88,76,67,88,87,60,66,70,63
2040916819,21,14,9,30,20,17,40,44,31
2040916919,55,40,34,66,65,40,55,67,33
2040917019,67,88,87,82,81,80,78,71,65
2040917119,40,55,62,56,46,47,66,56,65
2040917219,40,30,21,44,54,39,78,76,69
2040917319,66,65,60,68,56,58,18,20,13
2040917419,54,51,51,68,66,56,44,45,43
2040917519,53,41,30,78,75,67,54,65,40
2040917619,18,21,8,34,28,16,32,22,10
2040917719,36,37,21,55,65,54,12,9,10
2040917819,45,37,30,60,61,44,30,33,32
2040917919,61,60,54,70,71,75,67,55,45
2040918019,54,56,31,53,55,60,45,40,38
2040918119,58,61,60,56,43,38,55,60,43
2040918219,34,33,41,67,70,61,54,67,55
2040918319,66,69,70,80,73,74,88,80,76
2040918419,54,45,55,45,47,32,51,56,30
2040918519,45,44,18,55,53,57,34,37,27
2040918619,22,11,9,30,33,29,13,15,12
2040918719,17,18,22,30,44,31,34,22,10
2040918819,56,44,37,56,43,27,45,56,30
2040918919,56,59,55,70,67,60,72,70,66
2040919019,55,61,43,67,69,55,71,65,55
2040919119,44,53,60,73,70,60,66,70,66
2040919219,51,34,21,61,55,60,45,55,40
2040919319,54,56,57,45,40,41,43,39,32
2040919419,29,27,13,12,10,11,34,38,31
2040919519,45,55,44,67,69,66,45,51,60
2040919619,50,48,44,45,43,30,56,49,30
2040919719,67,55,56,56,45,41,77,76,74
2040919819,51,41,30,67,66,55,48,47,49
2040919919,34,23,12,32,28,19,29,23,11
2040920019,78,68,70,65,67,70,70,77,67
2040920119,56,50,55,80,79,70,67,60,60
2040920219,79,71,60,70,67,65,80,85,70
2040920319,55,60,44,55,45,40,66,53,44
2040920419,67,66,66,67,70,71,56,70,60
2040920519,66,65,54,70,78,77,55,65,60
2040920619,34,20,22,32,12,10,11,34,12
2040920719,67,56,60,45,46,50,67,56,55
2040920819,71,67,66,70,67,77,67,70,66
2040920919,66,65,64,55,54,40,60,55,62
2040921019,87,67,68,67,68,55,68,70,60
2040921119,88,76,67,88,87,60,66,70,63
2040921219,21,14,9,30,20,17,40,44,31
2040921319,55,40,34,66,65,40,55,67,33
2040921419,67,88,87,82,81,80,78,71,65
2040921519,40,55,62,56,46,47,66,56,65
2040921619,40,30,21,44,54,39,78,76,69
2040921719,66,65,60,68,56,58,18,20,13
2040921819,54,51,51,68,66,56,44,45,43
2040921919,53,41,30,78,75,67,54,65,40
2040922019,18,21,8,34,28,16,32,22,10
2040900120,36,37,21,55,65,54,12,9,10
2040900220,45,37,30,60,61,44,30,33,32
2040900320,61,60,54,70,71,75,67,55,45
2040900420,54,56,31,53,55,60,45,40,38
2040900520,58,61,60,56,43,38,55,60,43
2040900620,34,33,41,67,70,61,54,67,55
2040900720,66,69,70,80,73,74,88,80,76
2040900820,54,45,55,45,47,32,51,56,30
2040900920,45,44,18,55,53,57,34,37,27
2040901020,22,11,9,30,33,29,13,15,12
2040901120,17,18,22,30,44,31,34,22,10
2040901220,56,44,37,56,43,27,45,56,30
2040901320,56,59,55,70,67,60,72,70,66
2040901420,55,61,43,67,69,55,71,65,55
2040901520,44,53,60,73,70,60,66,70,66
2040901620,51,34,21,61,55,60,45,55,40
2040901720,54,56,57,45,40,41,43,39,32
2040901820,29,27,13,12,10,11,34,38,31
2040901920,45,55,44,67,69,66,45,51,60
2040902020,50,48,44,45,43,30,56,49,30
2040902120,67,55,56,56,45,41,77,76,74
2040902220,51,41,30,67,66,55,48,47,49
2040902320,34,23,12,32,28,19,29,23,11
2040902420,78,68,70,65,67,70,70,77,67
2040902520,56,50,55,80,79,70,67,60,60
2040902620,66,56,44,45,40,45,66,67,50
2040902720,45,46,40,66,70,50,55,65,55
2040902820,56,44,23,66,56,33,66,50,45
2040902920,67,55,45,70,67,55,55,56,44
2040903020,70,56,65,45,66,61,65,55,40
2040903120,30,23,12,45,34,11,45,23,12
2040903220,67,67,55,66,67,55,67,66,50
2040903320,78,70,77,83,76,65,67,77,69
2040903420,66,67,56,66,67,52,67,68,55
2040903520,67,77,60,50,55,67,50,55,23
2040903620,88,70,66,67,55,45,45,43,12
2040903720,23,12,10,31,9,8,32,12,10
2040903820,45,40,23,67,65,54,56,66,60
2040903920,78,67,70,65,50,66,55,56,40
2040904020,77,60,56,70,67,60,75,71,60
2040904120,66,65,60,56,78,66,67,45,61
2040904220,65,60,55,76,70,71,88,67,66
2040904320,23,12,9,56,23,12,34,32,11
2040904420,79,67,67,55,65,40,45,51,42
2040904520,88,76,66,49,42,30,23,30,12
2040904620,67,56,50,55,56,50,63,54,55
2040904720,45,32,12,18,23,11,10,21,9
2040904820,77,67,56,56,45,23,45,53,34
2040904920,56,54,56,67,56,46,66,52,34
2040905020,67,56,45,66,45,46,40,47,31
2040905120,56,45,50,56,55,40,34,20,24
2040905220,65,54,54,67,56,34,56,54,55
2040905320,56,65,40,67,66,56,69,67,53
2040905420,66,70,65,45,46,30,34,45,30
2040905520,55,67,45,68,67,56,45,34,23
2040905620,67,67,60,34,54,32,56,67,65
2040905720,66,67,70,55,54,66,67,73,70
2040905820,56,54,23,66,52,55,44,54,40
2040905920,70,67,65,80,85,70,79,71,60
2040906020,55,45,40,66,53,44,55,60,44
2040906120,67,70,71,56,70,60,67,66,66
2040906220,70,78,77,55,65,60,66,65,54
2040906320,32,12,10,11,34,12,34,20,22
2040906420,45,46,50,67,56,55,67,56,60
2040906520,70,67,77,67,70,66,71,67,66
2040906620,55,54,40,60,55,62,66,65,64
2040906720,67,68,55,68,70,60,87,67,68
2040906820,88,87,60,66,70,63,88,76,67
2040906920,30,20,17,40,44,31,21,14,9
2040907020,66,65,40,55,67,33,55,40,34
2040907120,82,81,80,78,71,65,67,88,87
2040907220,56,46,47,66,56,65,40,55,62
2040907320,44,54,39,78,76,69,40,30,21
2040907420,68,56,58,18,20,13,66,65,60
2040907520,68,66,56,44,45,43,54,51,51
2040907620,78,75,67,54,65,40,53,41,30
2040907720,,,,,,,,,
2040907820,34,28,16,32,22,10,18,21,8
2040907920,55,65,54,12,9,10,36,37,21
2040908020,60,61,44,30,33,32,45,37,30
2040908120,70,71,75,67,55,45,61,60,54
2040908220,53,55,60,45,40,38,54,56,31
2040908320,56,43,38,55,60,43,58,61,60
2040908420,67,70,61,54,67,55,34,33,41
2040908520,80,73,74,88,80,76,66,69,70
2040908620,45,47,32,51,56,30,54,45,55
2040908720,55,53,57,34,37,27,45,44,18
2040908820,30,33,29,13,15,12,22,11,9
2040908920,30,44,31,34,22,10,17,18,22
2040909020,56,43,27,45,56,30,56,44,37
2040909120,70,67,60,72,70,66,56,59,55
2040909220,67,69,55,71,65,55,55,61,43
2040909320,73,70,60,66,70,66,44,53,60
2040909420,61,55,60,45,55,40,51,34,21
2040909520,45,40,41,43,39,32,54,56,57
2040909620,57,58,44,57,60,34,67,65,55
2040909720,41,56,40,66,53,47,68,57,41
2040909820,56,44,34,65,45,21,68,45,21
2040909920,34,31,11,34,35,12,10,12,14
2040910020,65,62,55,12,11,9,22,34,11
2040910120,38,33,22,43,33,32,9,10,8
2040910220,55,54,45,67,68,55,72,66,55
2040910320,60,66,53,60,67,50,61,60,54
2040910420,70,72,62,66,62,60,65,62,50
2040910520,81,71,66,60,54,45,63,55,45
2040910620,55,54,45,66,55,52,62,60,45
2040910720,80,82,60,70,66,55,78,70,72
2040910820,73,60,52,81,72,66,81,78,66
2040910920,74,66,60,77,63,50,66,65,60
2040911020,50,45,30,50,40,20,40,41,22
2040911120,45,45,30,55,45,23,44,41,21
2040911220,54,55,45,66,60,40,60,55,50
2040911320,45,30,10,50,51,30,45,46,11
2040911420,66,65,56,55,45,50,65,55,54
2040911520,67,68,65,70,67,65,55,54,60
2040911620,45,43,26,44,30,55,52,40,22
2040911720,80,81,70,45,40,18,66,61,20
2040911820,67,62,67,70,66,76,80,66,70
2040911920,68,69,66,70,68,67,55,64,45
2040912020,70,78,67,67,63,55,56,60,45
2040912120,70,65,50,76,66,60,55,57,40
2040912220,66,67,60,55,55,40,54,64,33
2040912320,55,54,44,44,43,34,55,45,33
2040912420,66,56,44,45,40,45,66,67,50
2040912520,45,46,40,66,70,50,55,65,55
2040912620,56,44,23,66,56,33,66,50,45
2040912720,67,55,45,70,67,55,55,56,44
2040912820,70,56,65,45,66,61,65,55,40
2040912920,30,23,12,45,34,11,45,23,12
2040913020,67,67,55,66,67,55,67,66,50
2040913120,78,70,77,83,76,65,67,77,69
2040913220,66,67,56,66,67,52,67,68,55
2040913320,67,77,60,50,55,67,50,55,23
2040913420,88,70,66,67,55,45,45,43,12
2040913520,23,12,10,31,9,8,32,12,10
2040913820,45,40,23,67,65,54,56,66,60
2040913920,78,67,70,65,50,66,55,56,40
2040914020,77,60,56,70,67,60,75,71,60
2040914120,66,65,60,56,78,66,67,45,61
2040914220,65,60,55,76,70,71,88,67,66
2040914320,23,12,9,56,23,12,34,32,11
2040914420,79,67,67,55,65,40,45,51,42
2040914520,88,76,66,49,42,30,23,30,12
2040914620,67,56,50,55,56,50,63,54,55
2040914720,45,32,12,18,23,11,10,21,9
2040914820,77,67,56,56,45,23,45,53,34
2040914920,56,54,56,67,56,46,66,52,34
2040915020,67,56,45,66,45,46,40,47,31
2040915120,56,45,50,56,55,40,34,20,24
2040915220,65,54,54,67,56,34,56,54,55
2040915320,56,65,40,67,66,56,69,67,53
2040915420,66,70,65,45,46,30,34,45,30
2040915520,55,67,45,68,67,56,45,34,23
2040915620,67,67,60,34,54,32,56,67,65
2040915720,66,67,70,55,54,66,67,73,70
2040915820,56,54,23,66,52,55,44,54,40
2040915920,70,67,65,80,85,70,79,71,60
2040916020,55,45,40,66,53,44,55,60,44
2040916120,67,70,71,56,70,60,67,66,66
2040916220,70,78,77,55,65,60,66,65,54
2040916320,32,12,10,11,34,12,34,20,22
2040916420,45,46,50,67,56,55,67,56,60
2040916520,70,67,77,67,70,66,71,67,66
2040916620,55,54,40,60,55,62,66,65,64
2040916720,67,68,55,68,70,60,87,67,68
2040916820,88,87,60,66,70,63,88,76,67
204091620,30,20,17,40,44,31,21,14,9
2040917020,66,65,40,55,67,33,55,40,34
2040917120,82,81,80,78,71,65,67,88,87
2040917220,56,46,47,66,56,65,40,55,62
2040917320,44,54,39,78,76,69,40,30,21
2040917420,68,56,58,18,20,13,66,65,60
2040917520,68,66,56,44,45,43,54,51,51
2040917620,78,75,67,54,65,40,53,41,30
2040917720,34,28,16,32,22,10,18,21,8
2040917820,55,65,54,12,9,10,36,37,21
2040917920,60,61,44,30,33,32,45,37,30
2040918020,70,71,75,67,55,45,61,60,54
2040918120,53,55,60,45,40,38,54,56,31
2040918220,56,43,38,55,60,43,58,61,60
2040918320,67,70,61,54,67,55,34,33,41
2040918420,80,73,74,88,80,76,66,69,70
2040918520,45,47,32,51,56,30,54,45,55
2040918620,32,28,19,29,23,11,34,23,12
2040918720,65,67,70,70,77,67,78,68,70
2040918820,80,79,70,67,60,60,56,50,55
2040918920,72,66,55,55,54,45,67,68,55
2040919020,61,60,54,60,66,53,60,67,50
2040919120,65,62,50,70,72,62,66,62,60
2040919220,63,55,45,81,71,66,60,54,45
2040919320,62,60,45,55,54,45,66,55,52
2040919420,78,70,72,80,82,60,70,66,55
2040919520,81,78,66,73,60,52,81,72,66
2040919620,66,65,60,74,66,60,77,63,50
2040919720,40,41,22,50,45,30,50,40,20
2040919820,44,41,21,45,45,30,55,45,23
2040919920,60,55,50,54,55,45,66,60,40
2040920020,45,46,11,45,30,10,50,51,30
2040920120,65,55,54,66,65,56,55,45,50
2040920220,55,54,60,67,68,65,70,67,65
2040920320,52,40,22,45,43,26,44,30,55
2040920420,66,61,20,80,81,70,45,40,18
2040920520,80,66,70,67,62,67,70,66,76
2040920620,55,64,45,68,69,66,70,68,67
2040920720,56,60,45,70,78,67,67,63,55
2040920820,55,57,40,70,65,50,76,66,60
2040920920,54,64,33,66,67,60,55,55,40
2040921020,55,45,33,55,54,44,44,43,34
2040921120,66,67,50,66,56,44,45,40,45
2040921220,55,65,55,45,46,40,66,70,50
2040921320,66,50,45,56,44,23,66,56,33
2040921420,55,56,44,67,55,45,70,67,55
20409215120,65,55,40,70,56,65,45,66,61
2040921620,45,23,12,30,23,12,45,34,11
2040921720,67,66,50,67,67,55,66,67,55
2040921820,67,77,69,78,70,77,83,76,65
2040921920,67,68,55,66,67,56,66,67,52
2040922020,50,55,23,67,77,60,50,55,67
2040922120,45,43,12,88,70,66,67,55,45
2040922220,32,12,10,23,12,10,31,9,8
2040922320,56,66,60,45,40,23,67,65,54
2040922420,55,56,40,78,67,70,65,50,66
2040922520,75,71,60,77,60,56,70,67,60
2040922620,67,45,61,66,65,60,56,78,66
2040922720,88,67,66,65,60,55,76,70,71
2040922820,34,32,11,23,12,9,56,23,12
2040922920,45,51,42,79,67,67,55,65,40
2040923020,23,30,12,88,76,66,49,42,30
2040923120,63,54,55,67,56,50,55,56,50
2040923220,10,21,9,45,32,12,18,23,11
2040923320,45,53,34,77,67,56,56,45,23
2040923420,66,52,34,56,54,56,67,56,46
2040923520,40,47,31,67,56,45,66,45,46
2040923620,34,20,24,56,45,50,56,55,40
2040923720,56,54,55,65,54,54,67,56,34
2040923820,69,67,53,56,65,40,67,66,56
2040923920,34,45,30,66,70,65,45,46,30
2040924020,45,34,23,55,67,45,68,67,56
2040924120,56,67,65,67,67,60,34,54,32
2040924220,67,73,70,66,67,70,55,54,66
2040924320,44,54,40,56,54,23,66,52,55
2040924420,79,71,60,70,67,65,80,85,70
20409244520,55,60,44,55,45,40,66,53,44
2040924620,67,66,66,67,70,71,56,70,60
2040924720,66,65,54,70,78,77,55,65,60
2040924820,34,20,22,32,12,10,11,34,12
2040924920,67,56,60,45,46,50,67,56,55
2040925020,71,67,66,70,67,77,67,70,66
2040925120,66,65,64,55,54,40,60,55,62
2040925220,87,67,68,67,68,55,68,70,60
2040925320,88,76,67,88,87,60,66,70,63
2040925420,21,14,9,30,20,17,40,44,31
2040925520,55,40,34,66,65,40,55,67,33
2040925620,67,88,87,82,81,80,78,71,65
2040925720,40,55,62,56,46,47,66,56,65
2040925820,40,30,21,44,54,39,78,76,69
2040925920,66,65,60,68,56,58,18,20,13
2040926020,54,51,51,68,66,56,44,45,43
2040926120,53,41,30,78,75,67,54,65,40
2040926220,18,21,8,34,28,16,32,22,10
2040926320,36,37,21,55,65,54,12,9,10
2040926420,45,37,30,60,61,44,30,33,32
2040926520,61,60,54,70,71,75,67,55,45
2040926620,54,56,31,53,55,60,45,40,38
2040926720,58,61,60,56,43,38,55,60,43
2040926820,34,33,41,67,70,61,54,67,55
2040926920,66,69,70,80,73,74,88,80,76
2040927020,54,45,55,45,47,32,51,56,30
2040927120,45,44,18,55,53,57,34,37,27
2040927220,22,11,9,30,33,29,13,15,12
2040927320,17,18,22,30,44,31,34,22,10
2040927420,67,68,55,68,70,60,87,67,68
2040927520,88,87,60,66,70,63,88,76,67
2040927620,30,20,17,40,44,31,21,14,9
2040927720,66,65,40,55,67,33,55,40,34
2040927820,82,81,80,78,71,65,67,88,87
2040927920,56,46,47,66,56,65,40,55,62
2040928020,44,54,39,78,76,69,40,30,21
2040928120,68,56,58,18,20,13,66,65,60
2040928220,68,66,56,44,45,43,54,51,51
2040928320,78,75,67,54,65,40,53,41,30
2040928420,34,28,16,32,22,10,18,21,8
2040928520,55,65,54,12,9,10,36,37,21
2040928620,60,61,44,30,33,32,45,37,30
2040928720,70,71,75,67,55,45,61,60,54
2040928820,53,55,60,45,40,38,54,56,31
2040928920,56,43,38,55,60,43,58,61,60
2040929020,67,70,61,54,67,55,34,33,41
2040929120,80,73,74,88,80,76,66,69,70
204029220,45,47,32,51,56,30,54,45,55
204029320,55,53,57,34,37,27,45,44,18
2040929420,30,33,29,13,15,12,22,11,9
2040929520,30,44,31,34,22,10,17,18,22
2040929620,56,43,27,45,56,30,56,44,37
2040929720,70,67,60,72,70,66,56,59,55
2040929820,67,69,55,71,65,55,55,61,43
2040929920,73,70,60,66,70,66,44,53,60
2040930120,30,33,29,13,15,12,22,11,9
2040930220,30,44,31,34,22,10,17,18,22
2040930320,56,43,27,45,56,30,56,44,37
2040930420,70,67,60,72,70,66,56,59,55
2040930520,67,69,55,71,65,55,55,61,43
2040930620,73,70,60,66,70,66,44,53,60
2040930720,61,55,60,45,55,40,51,34,21
2040930820,45,40,41,43,39,32,54,56,57
2040930920,12,10,11,34,38,31,29,27,13
2040931020,67,69,66,45,51,60,45,55,44
2040931120,45,43,30,56,49,30,50,48,44
2040931220,56,45,41,77,76,74,67,55,56
2040931320,67,66,55,48,47,49,51,41,30
2040931420,32,28,19,29,23,11,34,23,12
2040931520,65,67,70,70,77,67,78,68,70
2040931620,80,79,70,67,60,60,56,50,55
2040931720,72,66,55,55,54,45,67,68,55
2040931820,61,60,54,60,66,53,60,67,50
2040931920,65,62,50,70,72,62,66,62,60
2040932020,63,55,45,81,71,66,60,54,45
2040932120,62,60,45,55,54,45,66,55,52
2040932220,78,70,72,80,82,60,70,66,55
2040932320,81,78,66,73,60,52,81,72,66
2040932420,66,65,60,74,66,60,77,63,50
2040932520,40,41,22,50,45,30,50,40,20
2040932620,44,41,21,45,45,30,55,45,23
2040932720,60,55,50,54,55,45,66,60,40
2040932820,45,46,11,45,30,10,50,51,30
2040932920,65,55,54,66,65,56,55,45,50
2040933020,55,54,60,67,68,65,70,67,65
2040933120,52,40,22,45,43,26,44,30,55
2040933220,66,61,20,80,81,70,45,40,18
2040933320,80,66,70,67,62,67,70,66,76
2040933420,55,64,45,68,69,66,70,68,67
2040933520,56,60,45,70,78,67,67,63,55
2040933620,55,57,40,70,65,50,76,66,60
2040933720,54,64,33,66,67,60,55,55,40
2040933820,55,45,33,55,54,44,44,43,34
2040933920,66,67,50,66,56,44,45,40,45
2040934020,55,65,55,45,46,40,66,70,50
2040934120,66,50,45,56,44,23,66,56,33
2040934220,55,56,44,67,55,45,70,67,55
2040934320,65,55,40,70,56,65,45,66,61
2040934520,45,23,12,30,23,12,45,34,11
2040934620,67,66,50,67,67,55,66,67,55
2040934720,67,77,69,78,70,77,83,76,65
2040934820,67,68,55,66,67,56,66,67,52
2040934920,50,55,23,67,77,60,50,55,67
2040935020,45,43,12,88,70,66,67,55,45
2040935120,32,12,10,23,12,10,31,9,8
2040935220,56,66,60,45,40,23,67,65,54
2040935320,55,56,40,78,67,70,65,50,66
2040935420,75,71,60,77,60,56,70,67,60
2040935520,67,45,61,66,65,60,56,78,66
2040935620,88,67,66,65,60,55,76,70,71
2040935720,34,32,11,23,12,9,56,23,12
2040935820,45,51,42,79,67,67,55,65,40
2040935920,23,30,12,88,76,66,49,42,30
2040936020,63,54,55,67,56,50,55,56,50
2040936120,10,21,9,45,32,12,18,23,11
2040936220,45,53,34,77,67,56,56,45,23
2040936320,66,52,34,56,54,56,67,56,46
2040936320,40,47,31,67,56,45,66,45,46
2040936420,34,20,24,56,45,50,56,55,40
2040936520,56,54,55,65,54,54,67,56,34
2040936620,69,67,53,56,65,40,67,66,56
2040936720,34,45,30,66,70,65,45,46,30
2040936820,45,34,23,55,67,45,68,67,56
2040936920,56,67,65,67,67,60,34,54,32
2040937020,67,73,70,66,67,70,55,54,66
2040937120,44,54,40,56,54,23,66,52,55
2040937220,79,71,60,70,67,65,80,85,70
2040937320,55,60,44,55,45,40,66,53,44
2040937420,67,66,66,67,70,71,56,70,60
2040937520,66,65,54,70,78,77,55,65,60
2040937620,34,20,22,32,12,10,11,34,12
2040937720,67,56,60,45,46,50,67,56,55
2040937820,71,67,66,70,67,77,67,70,66
2040937920,66,65,64,55,54,40,60,55,62
2040938020,87,67,68,67,68,55,68,70,60
2040938120,88,76,67,88,87,60,66,70,63
2040938220,21,14,9,30,20,17,40,44,31
2040938320,55,40,34,66,65,40,55,67,33
2040938420,67,88,87,82,81,80,78,71,65
2040938520,40,55,62,56,46,47,66,56,65
2040938620,40,30,21,44,54,39,78,76,69
2040938720,66,65,60,68,56,58,18,20,13
2040938820,54,51,51,68,66,56,44,45,43
2040938920,53,41,30,78,75,67,54,65,40
2040939020,18,21,8,34,28,16,32,22,10
2040939120,36,37,21,55,65,54,12,9,10
2040939220,45,37,30,60,61,44,30,33,32
2040939320,61,60,54,70,71,75,67,55,45
2040939420,54,56,31,53,55,60,45,40,38
2040939520,58,61,60,56,43,38,55,60,43
2040939620,34,33,41,67,70,61,54,67,55
2040939720,66,69,70,80,73,74,88,80,76
2040939820,54,45,55,45,47,32,51,56,30
2040939920,45,44,18,55,53,57,34,37,27
2040940020,22,11,9,30,33,29,13,15,12
2040940120,17,18,22,30,44,31,34,22,10
2040940220,56,44,37,56,43,27,45,56,30
2040940320,56,59,55,70,67,60,72,70,66
2040940420,55,61,43,67,69,55,71,65,55
2040940520,44,53,60,73,70,60,66,70,66
2040940620,51,34,21,61,55,60,45,55,40
2040940720,54,56,57,45,40,41,43,39,32
2040940820,29,27,13,12,10,11,34,38,31
2040940920,45,55,44,67,69,66,45,51,60
2040941020,50,48,44,45,43,30,56,49,30
2040941120,67,55,56,56,45,41,77,76,74
2040941220,51,41,30,67,66,55,48,47,49
2040941320,34,23,12,32,28,19,29,23,11
2040941420,78,68,70,65,67,70,70,77,67
2040941520,56,50,55,80,79,70,67,60,60
2040941620,79,71,60,70,67,65,80,85,70
2040900121,55,60,44,55,45,40,66,53,44
2040900221,67,66,66,67,70,71,56,70,60
2040900321,66,65,54,70,78,77,55,65,60
2040900421,34,20,22,32,12,10,11,34,12
2040900521,67,56,60,45,46,50,67,56,55
2040900621,71,67,66,70,67,77,67,70,66
2040900721,66,65,64,55,54,40,60,55,62
2040900821,87,67,68,67,68,55,68,70,60
2040900921,88,76,67,88,87,60,66,70,63
2040901021,21,14,9,30,20,17,40,44,31
2040901121,55,40,34,66,65,40,55,67,33
2040901221,67,88,87,82,81,80,78,71,65
2040901321,40,55,62,56,46,47,66,56,65
2040901421,40,30,21,44,54,39,78,76,69
2040901521,66,65,60,68,56,58,18,20,13
2040901621,54,51,51,68,66,56,44,45,43
2040901721,53,41,30,78,75,67,54,65,40
2040901821,18,21,8,34,28,16,32,22,10
2040901921,36,37,21,55,65,54,12,9,10
2040902021,45,37,30,60,61,44,30,33,32
2040902121,61,60,54,70,71,75,67,55,45
2040902221,54,56,31,53,55,60,45,40,38
2040902321,58,61,60,56,43,38,55,60,43
2040902421,34,33,41,67,70,61,54,67,55
2040902521,66,69,70,80,73,74,88,80,76
2040902621,54,45,55,45,47,32,51,56,30
2040902721,45,44,18,55,53,57,34,37,27
2040902821,22,11,9,30,33,29,13,15,12
2040902921,17,18,22,30,44,31,34,22,10
2040903021,56,44,37,56,43,27,45,56,30
2040903121,56,59,55,70,67,60,72,70,66
2040903221,55,61,43,67,69,55,71,65,55
2040903321,44,53,60,73,70,60,66,70,66
2040903421,51,34,21,61,55,60,45,55,40
2040903521,54,56,57,45,40,41,43,39,32
2040903621,29,27,13,12,10,11,34,38,31
2040903721,45,55,44,67,69,66,45,51,60
2040903821,50,48,44,45,43,30,56,49,30
2040903921,67,55,56,56,45,41,77,76,74
2040904021,51,41,30,67,66,55,48,47,49
2040904121,34,23,12,32,28,19,29,23,11
2040904221,78,68,70,65,67,70,70,77,67
2040904321,56,50,55,80,79,70,67,60,60
2040904421,66,56,44,45,40,45,66,67,50
2040904521,45,46,40,66,70,50,55,65,55
2040904621,56,44,23,66,56,33,66,50,45
2040904721,67,55,45,70,67,55,55,56,44
2040904821,70,56,65,45,66,61,65,55,40
2040904921,30,23,12,45,34,11,45,23,12
2040905021,67,67,55,66,67,55,67,66,50
2040905121,78,70,77,83,76,65,67,77,69
2040905221,66,67,56,66,67,52,67,68,55
2040905321,67,77,60,50,55,67,50,55,23
2040905421,88,70,66,67,55,45,45,43,12
2040905521,23,12,10,31,9,8,32,12,10
2040905621,45,40,23,67,65,54,56,66,60
2040905721,20,21,11,12,31,23,22,21,10
2040905821,32,22,32,32,45,44,21,20,18
2040905921,44,21,29,23,33,39,21,20,18
2040906021,65,60,55,76,70,71,88,67,66
2040906121,23,12,9,56,23,12,34,32,11
2040906221,79,67,67,55,65,40,45,51,42
2040906321,40,39,41,20,34,41,23,30,12
2040906421,67,56,50,55,56,50,63,54,55
2040906521,45,32,12,18,23,11,10,21,9
2040906621,45,34,22,35,20,23,45,53,12
2040906721,44,34,23,10,30,33,32,12,22
2040906821,67,56,45,66,45,46,40,47,31
2040906921,56,45,50,56,55,40,34,20,24
2040907021,45,41,34,40,43,42,44,30,43
2040907121,56,65,40,67,66,56,69,67,53
2040907221,38,36,38,45,46,30,34,45,30
2040907321,34,30,34,31,33,40,45,34,23
2040907421,67,67,60,34,54,32,56,67,65
2040907521,39,37,40,44,41,33,37,31,13
2040907621,30,45,23,34,52,32,44,33,20
2040907821,70,67,65,80,85,70,79,71,60
2040907921,34,30,31,23,22,19,12,29,15
2040908021,33,21,18,12,23,13,30,23,17
2040908121,34,44,23,39,40,42,12,10,23
2040908221,32,12,10,11,34,12,34,20,22
2040908321,30,34,47,39,40,32,33,37,38
2040908421,34,21,23,30,34,23,23,34,19
2040908521,55,54,40,60,55,62,66,65,64
2040908621,45,34,12,34,30,24,33,12,10
2040908721,33,23,19,34,28,29,12,10,22
2040908821,45,47,50,40,44,31,21,45,49
2040908921,39,34,38,37,13,34,21,23,34
2040909021,30,27,31,21,18,38,34,21,18
2040909121,56,46,47,66,56,65,40,55,62
2040909221,44,54,39,45,35,40,40,30,21
2040909321,68,56,58,18,20,13,66,65,60
2040909421,68,66,56,44,45,43,54,51,51
2040909521,33,23,22,31,37,38,31,41,30
2040909621,34,28,16,32,22,10,18,21,8
2040909721,55,65,54,12,9,10,36,37,21
2040909821,55,61,44,30,33,32,45,37,30
2040909921,45,42,34,39,45,45,42,44,30
2040910021,53,55,60,45,40,38,54,56,31
2040910121,56,43,38,55,60,43,58,61,60
2040910221,67,70,61,54,67,55,34,33,41
2040910321,45,31,34,45,45,39,34,37,19
2040910421,45,47,32,51,56,30,38,45,55
2040910521,55,53,57,34,37,27,45,44,18
2040910621,30,33,29,13,15,12,22,11,9
2040910721,30,44,31,34,22,10,17,18,22
2040910821,56,43,27,45,56,30,56,44,37
2040910921,55,54,40,60,55,62,66,65,64
2040911021,67,68,55,68,70,60,87,67,68
2040911121,88,87,60,66,70,63,88,76,67
2040911221,30,20,17,40,44,31,21,14,9
2040911321,66,65,40,55,67,33,55,40,34
2040911421,82,81,80,78,71,65,67,88,87
2040911521,56,46,47,66,56,65,40,55,62
2040911621,44,54,39,78,76,69,40,30,21
2040911721,68,56,58,18,20,13,66,65,60
2040911821,68,66,56,44,45,43,54,51,51
2040911921,78,75,67,54,65,40,53,41,30
2040912021,34,28,16,32,22,10,18,21,8
2040912121,55,65,54,12,9,10,36,37,21
2040912221,60,61,44,30,33,32,45,37,30
2040912321,45,56,44,23,38,34,42,49,47
2040912421,53,55,60,45,40,38,54,56,31
2040912521,56,43,38,55,60,43,58,61,60
2040912621,67,70,61,54,67,55,34,33,41
2040912721,43,41,39,43,41,38,44,32,25
2040912821,45,47,32,51,56,30,54,45,55
2040912921,55,53,57,34,37,27,45,44,18
2040913021,30,33,29,13,15,12,22,11,9
2040913121,30,44,31,34,22,10,17,18,22
2040913221,56,43,27,45,56,30,56,44,37
2040913321,70,67,60,72,70,66,56,59,55
2040913421,67,69,55,71,65,55,55,61,43
2040913521,73,70,60,66,70,66,44,53,60
2040913821,61,55,60,45,55,40,51,34,21
2040913921,45,40,41,43,39,32,54,56,57
2040914021,12,10,11,34,38,31,29,27,13
2040914121,67,69,66,45,51,60,45,55,44
2040914221,45,43,30,56,49,30,50,48,44
2040914321,56,45,41,77,76,74,67,55,56
2040914421,67,66,55,48,47,49,51,41,30
2040914521,32,28,19,29,23,11,34,23,12
2040914621,65,67,70,70,77,67,78,68,70
2040914721,26,22,24,33,35,45,34,27,20
2040914821,72,66,55,55,54,45,67,68,55
2040914921,61,60,54,60,66,53,60,67,50
2040915021,65,62,50,70,72,62,66,62,60
2040915121,63,55,45,81,71,66,60,54,45
2040915221,62,60,45,55,54,45,66,55,52
2040915321,78,70,72,80,82,60,70,66,55
2040915421,81,78,66,73,60,52,81,72,66
2040915521,66,65,60,74,66,60,77,63,50
2040915621,40,41,22,50,45,30,50,40,20
2040915721,44,41,21,45,45,30,55,45,23
2040915821,60,55,50,54,55,45,66,60,40
2040915921,45,46,11,45,30,10,50,51,30
2040916021,65,55,54,66,65,56,55,45,50
20409161121,55,54,60,67,68,65,70,67,65
2040916221,52,40,22,45,43,26,44,30,55
2040916321,66,61,20,80,81,70,45,40,18
2040916421,80,66,70,67,62,67,70,66,76
2040916521,55,64,45,68,69,66,70,68,67
2040916621,56,60,45,70,78,67,67,63,55
2040916721,55,57,40,70,65,50,76,66,60
2040916821,54,64,33,66,67,60,55,55,40
204091621,55,45,33,55,54,44,44,43,34
2040917021,66,67,50,66,56,44,45,40,45
2040917121,55,65,55,45,46,40,66,70,50
2040917221,66,50,45,56,44,23,66,56,33
2040917321,55,56,44,67,55,45,70,67,55
2040917421,65,55,40,70,56,65,45,66,61
2040917521,45,23,12,30,23,12,45,34,11
2040917621,67,66,50,67,67,55,66,67,55
2040917721,67,77,69,78,70,77,83,76,65
2040917821,67,68,55,66,67,56,66,67,52
2040917921,50,55,23,67,77,60,50,55,67
2040918021,45,43,12,88,70,66,67,55,45
2040918121,32,12,10,23,12,10,31,9,8
2040918221,56,66,60,45,40,23,67,65,54
2040918321,55,56,40,78,67,70,65,50,66
2040918421,75,71,60,77,60,56,70,67,60
2040918521,67,45,61,66,65,60,56,78,66
2040918621,88,67,66,65,60,55,76,70,71
2040918721,34,32,11,23,12,9,56,23,12
2040918821,45,51,42,79,67,67,55,65,40
2040918921,23,30,12,88,76,66,49,42,30
2040919021,63,54,55,67,56,50,55,56,50
2040919121,10,21,9,45,32,12,18,23,11
2040919221,45,53,34,77,67,56,56,45,23
2040919321,66,52,34,56,54,56,67,56,46
2040919421,40,47,31,67,56,45,66,45,46
2040919521,34,20,24,56,45,50,56,55,40
2040919621,56,54,55,65,54,54,67,56,34
2040919721,69,67,53,56,65,40,67,66,56
2040919821,34,45,30,66,70,65,45,46,30
2040919921,45,34,23,55,67,45,68,67,56
2040920021,56,67,65,67,67,60,34,54,32
2040920121,67,73,70,66,67,70,55,54,66
2040920221,44,54,40,56,54,23,66,52,55
2040920321,79,71,60,70,67,65,80,85,70
2040920421,55,60,44,55,45,40,66,53,44
2040920521,67,66,66,67,70,71,56,70,60
2040920621,66,65,54,70,78,77,55,65,60
2040920721,34,20,22,32,12,10,11,34,12
2040920821,67,56,60,45,46,50,67,56,55
2040920921,71,67,66,70,67,77,67,70,66
2040921021,66,65,64,55,54,40,60,55,62
2040921121,87,67,68,67,68,55,68,70,60
2040921221,88,76,67,88,87,60,66,70,63
2040921321,21,14,9,30,20,17,40,44,31
2040921421,55,40,34,66,65,40,55,67,33
2040921521,67,88,87,82,81,80,78,71,65
2040921621,40,55,62,56,46,47,66,56,65
2040921721,40,30,21,44,54,39,78,76,69
2040921821,66,65,60,68,56,58,18,20,13
2040921921,54,51,51,68,66,56,44,45,43
2040922021,53,41,30,78,75,67,54,65,40
2040912121,18,21,8,34,28,16,32,22,10
2040912221,36,37,21,55,65,54,12,9,10
2040912321,45,37,30,60,61,44,30,33,32
2040912421,61,60,54,70,71,75,67,55,45
2040912521,54,56,31,53,55,60,45,40,38
2040912621,58,61,60,56,43,38,55,60,43
2040912721,34,33,41,67,70,61,54,67,55
2040912821,66,69,70,80,73,74,88,80,76
2040912921,54,45,55,45,47,32,51,56,30
2040913021,45,44,18,55,53,57,34,37,27
2040913121,22,11,9,30,33,29,13,15,12
2040913221,17,18,22,30,44,31,34,22,10
2040913321,56,44,37,56,43,27,45,56,30
2040913421,56,59,55,70,67,60,72,70,66
2040913521,55,61,43,67,69,55,71,65,55
2040913821,44,53,60,73,70,60,66,70,66
2040913921,51,34,21,61,55,60,45,55,40
2040914021,54,56,57,45,40,41,43,39,32
2040914121,29,27,13,12,10,11,34,38,31
2040914221,45,55,44,67,69,66,45,51,60
2040914321,50,48,44,45,43,30,56,49,30
2040914421,67,55,56,56,45,41,77,76,74
2040914521,51,41,30,67,66,55,48,47,49
2040914621,34,23,12,32,28,19,29,23,11
20409147201,78,68,70,65,67,70,70,77,67
20409148201,56,50,55,80,79,70,67,60,60
2040914921,79,71,60,70,67,65,80,85,70
2040915021,55,60,44,55,45,40,66,53,44
2040915121,67,66,66,67,70,71,56,70,60
2040915221,66,65,54,70,78,77,55,65,60
2040915321,34,20,22,32,12,10,11,34,12
2040915421,67,56,60,45,46,50,67,56,55
2040915521,71,67,66,70,67,77,67,70,66
2040915621,66,65,64,55,54,40,60,55,62
2040915721,87,67,68,67,68,55,68,70,60
2040915821,88,76,67,88,87,60,66,70,63
2040915921,21,14,9,30,20,17,40,44,31
2040916021,55,40,34,66,65,40,55,67,33
2040916121,67,88,87,82,81,80,78,71,65
2040916221,40,55,62,56,46,47,66,56,65
2040916321,40,30,21,44,54,39,78,76,69
2040916421,66,65,60,68,56,58,18,20,13
20409165201,54,51,51,68,66,56,44,45,43
2040916621,53,41,30,78,75,67,54,65,40
2040916721,18,21,8,34,28,16,32,22,10
2040916821,36,37,21,55,65,54,12,9,10
204091621,45,37,30,60,61,44,30,33,32
2040917021,61,60,54,70,71,75,67,55,45
2040917121,54,56,31,53,55,60,45,40,38
2040917221,58,61,60,56,43,38,55,60,43
2040917321,34,33,41,67,70,61,54,67,55
20409174211,66,69,70,80,73,74,88,80,76
2040917521,54,45,55,45,47,32,51,56,30
2040917621,45,44,18,55,53,57,34,37,27
2040917721,22,11,9,30,33,29,13,15,12
2040917821,17,18,22,30,44,31,34,22,10
2040917921,56,44,37,56,43,27,45,56,30
2040918021,56,59,55,70,67,60,72,70,66
2040918121,55,61,43,67,69,55,71,65,55
2040918221,44,53,60,73,70,60,66,70,66
2040918321,51,34,21,61,55,60,45,55,40
2040918421,54,56,57,45,40,41,43,39,32
2040918521,29,27,13,12,10,11,34,38,31
2040918621,45,55,44,67,69,66,45,51,60
2040918721,50,48,44,45,43,30,56,49,30
2040918821,67,55,56,56,45,41,77,76,74
2040918921,51,41,30,67,66,55,48,47,49
20409190201,34,23,12,32,28,19,29,23,11
2040919121,78,68,70,65,67,70,70,77,67
2040919221,56,50,55,80,79,70,67,60,60
2040919321,66,56,44,45,40,45,66,67,50
2040919421,45,46,40,66,70,50,55,65,55
2040919521,56,44,23,66,56,33,66,50,45
2040919621,67,55,45,70,67,55,55,56,44
2040919721,70,56,65,45,66,61,65,55,40
2040919821,30,23,12,45,34,11,45,23,12
2040919921,67,67,55,66,67,55,67,66,50
2040920021,78,70,77,83,76,65,67,77,69
2040920121,66,67,56,66,67,52,67,68,55
2040920221,67,77,60,50,55,67,50,55,23
2040920321,88,70,66,67,55,45,45,43,12
2040920421,23,12,10,31,9,8,32,12,10
2040920521,45,40,23,67,65,54,56,66,60
2040920621,78,67,70,65,50,66,55,56,40
2040920721,77,60,56,70,67,60,75,71,60
2040920821,66,65,60,56,78,66,67,45,61
2040920921,65,60,55,76,70,71,88,67,66
2040921021,23,12,9,56,23,12,34,32,11
2040921121,79,67,67,55,65,40,45,51,42
2040921221,88,76,66,49,42,30,23,30,12
2040921321,67,56,50,55,56,50,63,54,55
2040921421,45,32,12,18,23,11,10,21,9
20409215121,77,67,56,56,45,23,45,53,34
2040921621,56,54,56,67,56,46,66,52,34
2040921721,67,56,45,66,45,46,40,47,31
2040921821,56,45,50,56,55,40,34,20,24
2040921921,65,54,54,67,56,34,56,54,55
2040922021,56,65,40,67,66,56,69,67,53
2040922121,66,70,65,45,46,30,34,45,30
2040922221,55,67,45,68,67,56,45,34,23
2040922321,67,67,60,34,54,32,56,67,65
20409224201,66,67,70,55,54,66,67,73,70
2040922521,56,54,23,66,52,55,44,54,40
2040922621,70,67,65,80,85,70,79,71,60
2040922721,55,45,40,66,53,44,55,60,44
2040922821,67,70,71,56,70,60,67,66,66
2040922921,70,78,77,55,65,60,66,65,54
2040923021,32,12,10,11,34,12,34,20,22
2040923121,45,46,50,67,56,55,67,56,60
2040923221,70,67,77,67,70,66,71,67,66
2040923321,55,54,40,60,55,62,66,65,64
2040923421,67,68,55,68,70,60,87,67,68
2040923521,88,87,60,66,70,63,88,76,67
2040923621,30,20,17,40,44,31,21,14,9
2040923721,66,65,40,55,67,33,55,40,34
20409238201,82,81,80,78,71,65,67,88,87
2040923921,56,46,47,66,56,65,40,55,62
2040924021,44,54,39,78,76,69,40,30,21
2040924121,68,56,58,18,20,13,66,65,60
2040924221,68,66,56,44,45,43,54,51,51
2040924321,78,75,67,54,65,40,53,41,30
2040924421,34,28,16,32,22,10,18,21,8
20409244521,55,65,54,12,9,10,36,37,21
2040924621,60,61,44,30,33,32,45,37,30
2040924721,70,71,75,67,55,45,61,60,54
2040924821,53,55,60,45,40,38,54,56,31
2040924921,56,43,38,55,60,43,58,61,60
2040925021,67,70,61,54,67,55,34,33,41
2040925121,80,73,74,88,80,76,66,69,70
2040925221,45,47,32,51,56,30,54,45,55
2040925321,55,53,57,34,37,27,45,44,18
2040925421,30,33,29,13,15,12,22,11,9
2040925521,30,44,31,34,22,10,17,18,22
2040925621,56,43,27,45,56,30,56,44,37
2040925721,70,67,60,72,70,66,56,59,55
2040925821,67,69,55,71,65,55,55,61,43
2040925921,73,70,60,66,70,66,44,53,60
2040926021,61,55,60,45,55,40,51,34,21
2040926121,45,40,41,43,39,32,54,56,57
2040926221,57,58,44,57,60,34,67,65,55
2040926321,41,56,40,66,53,47,68,57,41
2040926421,56,44,34,65,45,21,68,45,21
2040926521,34,31,11,34,35,12,10,12,14
2040926621,65,62,55,12,11,9,22,34,11
2040926721,38,33,22,43,33,32,9,10,8
2040926821,55,54,45,67,68,55,72,66,55
2040926921,60,66,53,60,67,50,61,60,54
2040927021,70,72,62,66,62,60,65,62,50
2040927121,81,71,66,60,54,45,63,55,45
2040927221,55,54,45,66,55,52,62,60,45
2040927321,80,82,60,70,66,55,78,70,72
2040927421,73,60,52,81,72,66,81,78,66
2040927521,74,66,60,77,63,50,66,65,60
2040927621,50,45,30,50,40,20,40,41,22
2040927721,45,45,30,55,45,23,44,41,21
2040927821,54,55,45,66,60,40,60,55,50
2040927921,45,30,10,50,51,30,45,46,11
2040928021,66,65,56,55,45,50,65,55,54
2040928121,67,68,65,70,67,65,55,54,60
2040928221,45,43,26,44,30,55,52,40,22
2040928321,80,81,70,45,40,18,66,61,20
2040928421,67,62,67,70,66,76,80,66,70
2040928521,68,69,66,70,68,67,55,64,45
2040928621,70,78,67,67,63,55,56,60,45
2040928721,70,65,50,76,66,60,55,57,40
2040928821,66,67,60,55,55,40,54,64,33
2040928921,55,54,44,44,43,34,55,45,33
2040929021,66,56,44,45,40,45,66,67,50
2040929121,45,46,40,66,70,50,55,65,55
204029221,56,44,23,66,56,33,66,50,45
204029321,67,55,45,70,67,55,55,56,44
2040929421,70,56,65,45,66,61,65,55,40
2040929521,30,23,12,45,34,11,45,23,12
2040929621,67,67,55,66,67,55,67,66,50
2040929721,78,70,77,83,76,65,67,77,69
2040929821,66,67,56,66,67,52,67,68,55
2040929921,67,77,60,50,55,67,50,55,23
2040930121,88,70,66,67,55,45,45,43,12
2040930221,23,12,10,31,9,8,32,12,10
2040930321,45,40,23,67,65,54,56,66,60
2040930421,78,67,70,65,50,66,55,56,40
2040930521,77,60,56,70,67,60,75,71,60
2040930621,66,65,60,56,78,66,67,45,61
2040930721,65,60,55,76,70,71,88,67,66
2040930821,23,12,9,56,23,12,34,32,11
2040930921,79,67,67,55,65,40,45,51,42
2040931021,88,76,66,49,42,30,23,30,12
2040931121,67,56,50,55,56,50,63,54,55
2040931221,45,32,12,18,23,11,10,21,9
2040931321,77,67,56,56,45,23,45,53,34
2040931421,56,54,56,67,56,46,66,52,34
2040931521,67,56,45,66,45,46,40,47,31
2040931621,56,45,50,56,55,40,34,20,24
2040931721,65,54,54,67,56,34,56,54,55
2040931821,56,65,40,67,66,56,69,67,53
2040931921,66,70,65,45,46,30,34,45,30
2040932021,55,67,45,68,67,56,45,34,23
2040932121,67,67,60,34,54,32,56,67,65
2040932221,66,67,70,55,54,66,67,73,70
2040932321,56,54,23,66,52,55,44,54,40
2040932421,70,67,65,80,85,70,79,71,60
2040932521,55,45,40,66,53,44,55,60,44
2040932621,67,70,71,56,70,60,67,66,66
2040932721,70,78,77,55,65,60,66,65,54
2040932821,32,12,10,11,34,12,34,20,22
2040932921,45,46,50,67,56,55,67,56,60
2040933021,55,54,40,60,55,62,66,65,64
2040933121,67,68,55,68,70,60,87,67,68
2040933221,88,87,60,66,70,63,88,76,67
2040933321,30,20,17,40,44,31,21,14,9
2040933421,66,65,40,55,67,33,55,40,34
2040933521,82,81,80,78,71,65,67,88,87
2040933621,56,46,47,66,56,65,40,55,62
2040933721,44,54,39,78,76,69,40,30,21
2040933821,68,56,58,18,20,13,66,65,60
204093392,68,66,56,44,45,43,54,51,51
2040934021,78,75,67,54,65,40,53,41,30
2040934121,34,28,16,32,22,10,18,21,8
2040934221,55,65,54,12,9,10,36,37,21
2040934321,60,61,44,30,33,32,45,37,30
2040934521,70,71,75,67,55,45,61,60,54
2040934621,53,55,60,45,40,38,54,56,31
2040934721,56,43,38,55,60,43,58,61,60
2040934821,67,70,61,54,67,55,34,33,41
2040934921,80,73,74,88,80,76,66,69,70
2040935021,45,47,32,51,56,30,54,45,55
2040935121,55,53,57,34,37,27,45,44,18
2040935221,30,33,29,13,15,12,22,11,9
2040935321,30,44,31,34,22,10,17,18,22
2040935421,56,43,27,45,56,30,56,44,37
2040935521,70,67,60,72,70,66,56,59,55
2040935621,67,69,55,71,65,55,55,61,43
2040935721,73,70,60,66,70,66,44,53,60
2040935821,61,55,60,45,55,40,51,34,21
2040935921,45,40,41,43,39,32,54,56,57
2040936021,12,10,11,34,38,31,29,27,13
2040936121,67,69,66,45,51,60,45,55,44
2040936221,45,43,30,56,49,30,50,48,44
2040936321,56,45,41,77,76,74,67,55,56
2040936421,67,66,55,48,47,49,51,41,30
2040936521,34,44,19,37,38,34,42,23,20
2040936621,21,24,45,34,47,35,41,33,38
2040936721,21,23,22,40,34,34,21,37,23